{"version":0,"exportDate":1636395356074,"notes":[{"id":"243","name":"Home","owner":null,"author":null,"content":"<table align=\"center\" width=\"100%\">\n\t<thead>\n\t\t<tr>\n\t\t\t<th>\n\t\t\t<p><strong>Section</strong></p>\n\t\t\t</th>\n\t\t\t<th>\n\t\t\t<p><strong>Cible</strong></p>\n\t\t\t</th>\n\t\t\t<th>\n\t\t\t<p><strong>Sujet</strong></p>\n\t\t\t</th>\n\t\t</tr>\n\t</thead>\n\t<tbody>\n\t\t<tr>\n\t\t\t<td>0 - Standard de r&eacute;daction des tutoriels</td>\n\t\t\t<td>eXoers</td>\n\t\t\t<td>R&egrave;gles et mod&egrave;le pour la r&eacute;daction des fiches pratiques de la base de connaissance</td>\n\t\t</tr>\n\t\t<tr>\n\t\t\t<td>1 - D&eacute;marrer avec eXo</td>\n\t\t\t<td>Utilisateurs</td>\n\t\t\t<td>Premiers pas &agrave; faire lors de sa premi&egrave;re connexion &agrave; eXo</td>\n\t\t</tr>\n\t\t<tr>\n\t\t\t<td>2 - Foire au Questions</td>\n\t\t\t<td>Utilisateurs, Animateurs, Administrateurs fonctionnels</td>\n\t\t\t<td>Probl&egrave;mes fr&eacute;quemment pos&eacute;es&nbsp;</td>\n\t\t</tr>\n\t\t<tr>\n\t\t\t<td>3 - Tutoriels Animateurs</td>\n\t\t\t<td><u>Animateurs</u> : personnes animant et alimentant un espace</td>\n\t\t\t<td>Notions n&eacute;cessaire &agrave; l&#39;animation d&#39;un espace</td>\n\t\t</tr>\n\t\t<tr>\n\t\t\t<td>4 - Tutoriels Utilisateurs</td>\n\t\t\t<td><u>Utilisateurs</u> : personnes utilisant eXo</td>\n\t\t\t<td>Fonctionnalit&eacute;s d&#39;eXo accessibles &agrave; l&#39;utilisateur</td>\n\t\t</tr>\n\t\t<tr>\n\t\t\t<td>5 - Piloter la plateforme</td>\n\t\t\t<td><u>Equipe projets</u> : personnes en charge de piloter le projet de plateforme</td>\n\t\t\t<td>Notions n&eacute;cessaire au pilotage d&#39;une plateforme</td>\n\t\t</tr>\n\t\t<tr>\n\t\t\t<td>6 - Tutoriels Administrateurs</td>\n\t\t\t<td><u>Administrateurs fonctionnels</u> : personnes en charge de g&eacute;rer les param&egrave;tres fonctionnels de la plateforme</td>\n\t\t\t<td>Fonctions d&#39;administration de la plateforme</td>\n\t\t</tr>\n\t\t<tr>\n\t\t\t<td>9 - Tutoriels eXo</td>\n\t\t\t<td>eXoers</td>\n\t\t\t<td>Customisations fonctionnelles</td>\n\t\t</tr>\n\t</tbody>\n</table>\n","syntax":"xhtml/1.0","title":"Home","comment":null,"wikiId":"7","wikiType":"group","wikiOwner":"/spaces/tezsssss","children":[{"id":"247","name":"Lorem_Ipsum_1","owner":"root","author":"root","content":"<h2>What is Lorem Ipsum?</h2>\n\n<p><strong>Lorem Ipsum</strong>&nbsp;is simply dummy text of the printing and typesetting industry. Lorem Ipsum has been the industry&#39;s standard dummy text ever since the 1500s, when an unknown printer took a galley of type and scrambled it to make a type specimen book. It has survived not only five centuries, but also the leap into electronic typesetting, remaining essentially unchanged. It was popularised in the <a href=\"https://en.wikipedia.org/wiki/1960\" rel=\"nofollow noopener noreferrer\" target=\"_blank\">1960s</a> with the release of Letraset sheets containing Lorem Ipsum passages, and more recently with desktop publishing software like Aldus PageMaker including versions of</p>\n\n<div>\n<p class=\"note-child-item\"><a class=\"noteLink\" href=\"//-group-////-/spaces/tezsssss-////-test_TOC-//\" rel=\"nofollow nofollow\">test_TOC</a></p>\n</div>\n\n<p class=\"text-center\"><img alt=\"\" data-plugin-name=\"selectImage\" height=\"303\" referrerpolicy=\"no-referrer\" src=\"//-avatar(1).png-//\" width=\"303\" /></p>\n\n<h2><a class=\"labelLink\" href=\"509\" rel=\"nofollow\">Why do we use it?</a></h2>\n\n<p>It is a long established fact that a reader will be distracted by the readable content of a page when looking at its layout. The point of using Lorem Ipsum is that it has a more-or-less normal distribution of letters, as opposed to using &#39;Content here, content here&#39;, making it look like readable English. Many desktop publishing packages and web page editors now use Lorem Ipsum as their default model text, and a search for &#39;lorem ipsum&#39; will uncover many web sites still in their infancy. Various versions have evolved over the years, sometimes by accident, sometimes on purpose (injected humour and the like).</p>\n\n<div class=\"video\"><iframe allow=\"fullscreen\" frameborder=\"0\" src=\"https://www.youtube.com/embed/Tti5P7riWjc?autohide=1&amp;controls=1&amp;showinfo=0\"></iframe></div>\n\n<p>&nbsp;</p>\n\n<h2>Where does it come from?</h2>\n\n<p>Contrary to popular belief, Lorem Ipsum is not simply random text. It has roots in a piece of classical Latin literature from 45 BC, making it over 2000 years old. Richard McClintock, a Latin professor at Hampden-Sydney College in Virginia, looked up one of the more obscure Latin words, consectetur, from a Lorem Ipsum passage, and going through the cites of the word in classical literature, discovered the undoubtable source. Lorem Ipsum comes from sections 1.10.32 and 1.10.33 of &quot;de Finibus Bonorum et Malorum&quot; (The Extremes of Good and Evil) by Cicero, written in 45 BC. This book is a treatise on the theory of ethics, very popular during the Renaissance. The first line of Lorem Ipsum, &quot;Lorem ipsum dolor sit amet..&quot;, comes from a line in section 1.10.32.</p>\n\n<p>&nbsp;</p>\n","syntax":"xhtml/1.0","title":"Lorem Ipsum 1","comment":null,"wikiId":"7","wikiType":"group","wikiOwner":"/spaces/tezsssss","children":[{"id":"248","name":"test_TOC","owner":"root","author":"root","content":"","syntax":"xhtml/1.0","title":"test TOC","comment":null,"wikiId":"7","wikiType":"group","wikiOwner":"/spaces/tezsssss","children":[],"parent":{"id":"247","name":"Lorem_Ipsum_1","owner":"root","author":"root","content":"<h2>What is Lorem Ipsum?</h2>\n\n<p><strong>Lorem Ipsum</strong>&nbsp;is simply dummy text of the printing and typesetting industry. Lorem Ipsum has been the industry&#39;s standard dummy text ever since the 1500s, when an unknown printer took a galley of type and scrambled it to make a type specimen book. It has survived not only five centuries, but also the leap into electronic typesetting, remaining essentially unchanged. It was popularised in the <a href=\"https://en.wikipedia.org/wiki/1960\" rel=\"nofollow noopener noreferrer\" target=\"_blank\">1960s</a> with the release of Letraset sheets containing Lorem Ipsum passages, and more recently with desktop publishing software like Aldus PageMaker including versions of</p>\n\n<div>\n<p class=\"note-child-item\"><a class=\"noteLink\" href=\"248\" rel=\"nofollow nofollow\">test_TOC</a></p>\n</div>\n\n<p class=\"text-center\"><img alt=\"\" data-plugin-name=\"selectImage\" height=\"303\" referrerpolicy=\"no-referrer\" src=\"/portal/rest/images/repository/collaboration/00b60b96c0a801065f672bd22d425a6b\" width=\"303\" /></p>\n\n<h2><a class=\"labelLink\" href=\"509\" rel=\"nofollow\">Why do we use it?</a></h2>\n\n<p>It is a long established fact that a reader will be distracted by the readable content of a page when looking at its layout. The point of using Lorem Ipsum is that it has a more-or-less normal distribution of letters, as opposed to using &#39;Content here, content here&#39;, making it look like readable English. Many desktop publishing packages and web page editors now use Lorem Ipsum as their default model text, and a search for &#39;lorem ipsum&#39; will uncover many web sites still in their infancy. Various versions have evolved over the years, sometimes by accident, sometimes on purpose (injected humour and the like).</p>\n\n<div class=\"video\"><iframe allow=\"fullscreen\" frameborder=\"0\" src=\"https://www.youtube.com/embed/Tti5P7riWjc?autohide=1&amp;controls=1&amp;showinfo=0\"></iframe></div>\n\n<p>&nbsp;</p>\n\n<h2>Where does it come from?</h2>\n\n<p>Contrary to popular belief, Lorem Ipsum is not simply random text. It has roots in a piece of classical Latin literature from 45 BC, making it over 2000 years old. Richard McClintock, a Latin professor at Hampden-Sydney College in Virginia, looked up one of the more obscure Latin words, consectetur, from a Lorem Ipsum passage, and going through the cites of the word in classical literature, discovered the undoubtable source. Lorem Ipsum comes from sections 1.10.32 and 1.10.33 of &quot;de Finibus Bonorum et Malorum&quot; (The Extremes of Good and Evil) by Cicero, written in 45 BC. This book is a treatise on the theory of ethics, very popular during the Renaissance. The first line of Lorem Ipsum, &quot;Lorem ipsum dolor sit amet..&quot;, comes from a line in section 1.10.32.</p>\n\n<p>&nbsp;</p>\n","syntax":"xhtml/1.0","title":"Lorem Ipsum 1","comment":null,"wikiId":"7","wikiType":"group","wikiOwner":"/spaces/tezsssss","children":null,"parent":null}}],"parent":{"id":"243","name":"Home","owner":null,"author":null,"content":"<table align=\"center\" width=\"100%\">\n\t<thead>\n\t\t<tr>\n\t\t\t<th>\n\t\t\t<p><strong>Section</strong></p>\n\t\t\t</th>\n\t\t\t<th>\n\t\t\t<p><strong>Cible</strong></p>\n\t\t\t</th>\n\t\t\t<th>\n\t\t\t<p><strong>Sujet</strong></p>\n\t\t\t</th>\n\t\t</tr>\n\t</thead>\n\t<tbody>\n\t\t<tr>\n\t\t\t<td>0 - Standard de r&eacute;daction des tutoriels</td>\n\t\t\t<td>eXoers</td>\n\t\t\t<td>R&egrave;gles et mod&egrave;le pour la r&eacute;daction des fiches pratiques de la base de connaissance</td>\n\t\t</tr>\n\t\t<tr>\n\t\t\t<td>1 - D&eacute;marrer avec eXo</td>\n\t\t\t<td>Utilisateurs</td>\n\t\t\t<td>Premiers pas &agrave; faire lors de sa premi&egrave;re connexion &agrave; eXo</td>\n\t\t</tr>\n\t\t<tr>\n\t\t\t<td>2 - Foire au Questions</td>\n\t\t\t<td>Utilisateurs, Animateurs, Administrateurs fonctionnels</td>\n\t\t\t<td>Probl&egrave;mes fr&eacute;quemment pos&eacute;es&nbsp;</td>\n\t\t</tr>\n\t\t<tr>\n\t\t\t<td>3 - Tutoriels Animateurs</td>\n\t\t\t<td><u>Animateurs</u> : personnes animant et alimentant un espace</td>\n\t\t\t<td>Notions n&eacute;cessaire &agrave; l&#39;animation d&#39;un espace</td>\n\t\t</tr>\n\t\t<tr>\n\t\t\t<td>4 - Tutoriels Utilisateurs</td>\n\t\t\t<td><u>Utilisateurs</u> : personnes utilisant eXo</td>\n\t\t\t<td>Fonctionnalit&eacute;s d&#39;eXo accessibles &agrave; l&#39;utilisateur</td>\n\t\t</tr>\n\t\t<tr>\n\t\t\t<td>5 - Piloter la plateforme</td>\n\t\t\t<td><u>Equipe projets</u> : personnes en charge de piloter le projet de plateforme</td>\n\t\t\t<td>Notions n&eacute;cessaire au pilotage d&#39;une plateforme</td>\n\t\t</tr>\n\t\t<tr>\n\t\t\t<td>6 - Tutoriels Administrateurs</td>\n\t\t\t<td><u>Administrateurs fonctionnels</u> : personnes en charge de g&eacute;rer les param&egrave;tres fonctionnels de la plateforme</td>\n\t\t\t<td>Fonctions d&#39;administration de la plateforme</td>\n\t\t</tr>\n\t\t<tr>\n\t\t\t<td>9 - Tutoriels eXo</td>\n\t\t\t<td>eXoers</td>\n\t\t\t<td>Customisations fonctionnelles</td>\n\t\t</tr>\n\t</tbody>\n</table>\n","syntax":"xhtml/1.0","title":"Home","comment":null,"wikiId":"7","wikiType":"group","wikiOwner":"/spaces/tezsssss","children":null,"parent":null}},{"id":"249","name":"Why_do_we_use_it","owner":"root","author":"root","content":"<h2>What is Lorem Ipsum?</h2>\n\n<p><strong>Lorem Ipsum</strong>&nbsp;is simply dummy text of the printing and typesetting industry. Lorem Ipsum has been the industry&#39;s standard dummy text ever since the 1500s, when an unknown printer took a galley of type and scrambled it to make a type specimen book. It has survived not only five centuries, but also the leap into electronic typesetting, remaining essentially unchanged. It was popularised in the 1960s with the release of Letraset sheets containing Lorem Ipsum passages, and more recently with desktop publishing software like Aldus PageMaker including versions of Lorem Ipsum.</p>\n\n<h2>Why do we use it?</h2>\n\n<p>It is a long established fact that a reader will be distracted by the readable content of a page when looking at its layout. The point of using Lorem Ipsum is that it has a more-or-less normal distribution of letters, as opposed to using &#39;Content here, content here&#39;, making it look like readable English. Many desktop publishing packages and web page editors now use Lorem Ipsum as their default model text, and a search for &#39;lorem ipsum&#39; will uncover many web sites still in their infancy. Various versions have evolved over the years, sometimes by accident, sometimes on purpose (injected humour and the like).</p>\n\n<p>&nbsp;</p>\n","syntax":"xhtml/1.0","title":"Why do we use it?","comment":null,"wikiId":"7","wikiType":"group","wikiOwner":"/spaces/tezsssss","children":[],"parent":{"id":"243","name":"Home","owner":null,"author":null,"content":"<table align=\"center\" width=\"100%\">\n\t<thead>\n\t\t<tr>\n\t\t\t<th>\n\t\t\t<p><strong>Section</strong></p>\n\t\t\t</th>\n\t\t\t<th>\n\t\t\t<p><strong>Cible</strong></p>\n\t\t\t</th>\n\t\t\t<th>\n\t\t\t<p><strong>Sujet</strong></p>\n\t\t\t</th>\n\t\t</tr>\n\t</thead>\n\t<tbody>\n\t\t<tr>\n\t\t\t<td>0 - Standard de r&eacute;daction des tutoriels</td>\n\t\t\t<td>eXoers</td>\n\t\t\t<td>R&egrave;gles et mod&egrave;le pour la r&eacute;daction des fiches pratiques de la base de connaissance</td>\n\t\t</tr>\n\t\t<tr>\n\t\t\t<td>1 - D&eacute;marrer avec eXo</td>\n\t\t\t<td>Utilisateurs</td>\n\t\t\t<td>Premiers pas &agrave; faire lors de sa premi&egrave;re connexion &agrave; eXo</td>\n\t\t</tr>\n\t\t<tr>\n\t\t\t<td>2 - Foire au Questions</td>\n\t\t\t<td>Utilisateurs, Animateurs, Administrateurs fonctionnels</td>\n\t\t\t<td>Probl&egrave;mes fr&eacute;quemment pos&eacute;es&nbsp;</td>\n\t\t</tr>\n\t\t<tr>\n\t\t\t<td>3 - Tutoriels Animateurs</td>\n\t\t\t<td><u>Animateurs</u> : personnes animant et alimentant un espace</td>\n\t\t\t<td>Notions n&eacute;cessaire &agrave; l&#39;animation d&#39;un espace</td>\n\t\t</tr>\n\t\t<tr>\n\t\t\t<td>4 - Tutoriels Utilisateurs</td>\n\t\t\t<td><u>Utilisateurs</u> : personnes utilisant eXo</td>\n\t\t\t<td>Fonctionnalit&eacute;s d&#39;eXo accessibles &agrave; l&#39;utilisateur</td>\n\t\t</tr>\n\t\t<tr>\n\t\t\t<td>5 - Piloter la plateforme</td>\n\t\t\t<td><u>Equipe projets</u> : personnes en charge de piloter le projet de plateforme</td>\n\t\t\t<td>Notions n&eacute;cessaire au pilotage d&#39;une plateforme</td>\n\t\t</tr>\n\t\t<tr>\n\t\t\t<td>6 - Tutoriels Administrateurs</td>\n\t\t\t<td><u>Administrateurs fonctionnels</u> : personnes en charge de g&eacute;rer les param&egrave;tres fonctionnels de la plateforme</td>\n\t\t\t<td>Fonctions d&#39;administration de la plateforme</td>\n\t\t</tr>\n\t\t<tr>\n\t\t\t<td>9 - Tutoriels eXo</td>\n\t\t\t<td>eXoers</td>\n\t\t\t<td>Customisations fonctionnelles</td>\n\t\t</tr>\n\t</tbody>\n</table>\n","syntax":"xhtml/1.0","title":"Home","comment":null,"wikiId":"7","wikiType":"group","wikiOwner":"/spaces/tezsssss","children":null,"parent":null}}],"parent":null}]}